Electoral District Code,Electoral District Name,Candidate's Ballot Name,Affiliation,Total Valid Votes,% of Popular Vote,In-district Ballot Box count,Date,Time,AdvanceTotals,FinalTotals,Out-of District count,Initial Count Status
ABM,Abbotsford-Mission,Elina Clarke,BC Kiwi Party,4875,19.58%,16 of 16,22/08/2024,03:52:20 PM,6 of 6,10 of 10,Complete,Complete
ABM,Abbotsford-Mission,Kathleen Livaja,Cherries,4968,19.95%,16 of 16,22/08/2024,03:52:20 PM,6 of 6,10 of 10,Complete,Complete
ABM,Abbotsford-Mission,Graham Routledge,BC Mangoes,5093,20.46%,16 of 16,22/08/2024,03:52:20 PM,6 of 6,10 of 10,Complete,Complete
ABM,Abbotsford-Mission,James Sims,Bananas,4736,19.02%,16 of 16,22/08/2024,03:52:20 PM,6 of 6,10 of 10,Complete,Complete
ABM,Abbotsford-Mission,Donovan Starchuk,BC Pineapple Party,5226,20.99%,16 of 16,22/08/2024,03:52:20 PM,6 of 6,10 of 10,Complete,Complete
ABS,Abbotsford South,Steve Bali,BC Mangoes,5732,26.25%,17 of 17,22/08/2024,03:52:20 PM,6 of 6,11 of 11,Complete,Complete
ABS,Abbotsford South,Bill Bradshaw,BC Pineapple Party,5839,26.74%,17 of 17,22/08/2024,03:52:20 PM,6 of 6,11 of 11,Complete,Complete
ABS,Abbotsford South,Amanda Markwick,BC Kiwi Party,4940,22.62%,17 of 17,22/08/2024,03:52:20 PM,6 of 6,11 of 11,Complete,Complete
ABS,Abbotsford South,David Thompson,Bananas,5328,24.40%,17 of 17,22/08/2024,03:52:20 PM,6 of 6,11 of 11,Complete,Complete
ABW,Abbotsford West,Xiao Bao,Independent,2757,14.59%,15 of 15,22/08/2024,03:52:20 PM,5 of 5,10 of 10,Complete,Complete
ABW,Abbotsford West,Christopher Bolin,Bananas,3381,17.89%,15 of 15,22/08/2024,03:52:20 PM,5 of 5,10 of 10,Complete,Complete
ABW,Abbotsford West,Rod Marcus,Cherries,2432,12.87%,15 of 15,22/08/2024,03:52:20 PM,5 of 5,10 of 10,Complete,Complete
ABW,Abbotsford West,Mark Mark,BC Mangoes,3804,20.13%,15 of 15,22/08/2024,03:52:20 PM,5 of 5,10 of 10,Complete,Complete
ABW,Abbotsford West,Lana Mellalieu,BC Kiwi Party,3065,16.22%,15 of 15,22/08/2024,03:52:20 PM,5 of 5,10 of 10,Complete,Complete
ABW,Abbotsford West,Kyle Welwood,BC Pineapple Party,3455,18.29%,15 of 15,22/08/2024,03:52:20 PM,5 of 5,10 of 10,Complete,Complete
BDS,Boundary-Similkameen,Peter Hawes,Cherries,3600,22.19%,17 of 17,22/08/2024,03:52:20 PM,6 of 6,11 of 11,Complete,Complete
BDS,Boundary-Similkameen,Todd Mackinnon,Bananas,3696,22.78%,17 of 17,22/08/2024,03:52:20 PM,6 of 6,11 of 11,Complete,Complete
BDS,Boundary-Similkameen,Toni Olsen,BC Mangoes,2776,17.11%,17 of 17,22/08/2024,03:52:20 PM,6 of 6,11 of 11,Complete,Complete
BDS,Boundary-Similkameen,Mike Stuart,BC Pineapple Party,2894,17.84%,17 of 17,22/08/2024,03:52:20 PM,6 of 6,11 of 11,Complete,Complete
BDS,Boundary-Similkameen,Mary Wolfe,BC Kiwi Party,3259,20.09%,17 of 17,22/08/2024,03:52:20 PM,6 of 6,11 of 11,Complete,Complete
BLS,Bulkley Valley-Stikine,Rebecca Kang,BC Pineapple Party,4866,25.48%,16 of 16,22/08/2024,03:52:20 PM,6 of 6,10 of 10,Complete,Complete
BLS,Bulkley Valley-Stikine,Rex Martin,Bananas,4393,23.00%,16 of 16,22/08/2024,03:52:20 PM,6 of 6,10 of 10,Complete,Complete
BLS,Bulkley Valley-Stikine,Kathleen Sharma,BC Mangoes,5065,26.52%,16 of 16,22/08/2024,03:52:20 PM,6 of 6,10 of 10,Complete,Complete
BLS,Bulkley Valley-Stikine,Sylvia Smith,BC Kiwi Party,4772,24.99%,16 of 16,22/08/2024,03:52:20 PM,6 of 6,10 of 10,Complete,Complete
BNC,Burnaby Centre,Sophie Moen,BC Pineapple Party,3230,22.49%,13 of 13,22/08/2024,03:52:20 PM,6 of 6,7 of 7,Complete,Complete
BNC,Burnaby Centre,Preet Patrick,BC Kiwi Party,4052,28.22%,13 of 13,22/08/2024,03:52:20 PM,6 of 6,7 of 7,Complete,Complete
BNC,Burnaby Centre,Samuel Smith,Bananas,3142,21.88%,13 of 13,22/08/2024,03:52:20 PM,6 of 6,7 of 7,Complete,Complete
BNC,Burnaby Centre,Robert Throness,BC Mangoes,3936,27.41%,13 of 13,22/08/2024,03:52:20 PM,6 of 6,7 of 7,Complete,Complete
BNE,Burnaby East,Sue Dean,BC Mangoes,3593,19.56%,11 of 11,22/08/2024,03:52:20 PM,5 of 5,6 of 6,Complete,Complete
BNE,Burnaby East,Doug Flavelle,Bananas,3274,17.82%,11 of 11,22/08/2024,03:52:20 PM,5 of 5,6 of 6,Complete,Complete
BNE,Burnaby East,John Gibson,BC Pineapple Party,3873,21.08%,11 of 11,22/08/2024,03:52:20 PM,5 of 5,6 of 6,Complete,Complete
BNE,Burnaby East,Julian Giesbrecht,Cherries,3743,20.38%,11 of 11,22/08/2024,03:52:20 PM,5 of 5,6 of 6,Complete,Complete
BNE,Burnaby East,Michelle Jaques,BC Kiwi Party,3887,21.16%,11 of 11,22/08/2024,03:52:20 PM,5 of 5,6 of 6,Complete,Complete
BNN,Burnaby-New Westminster,Desta Anderson,BC Mangoes,3159,20.51%,13 of 13,22/08/2024,03:52:20 PM,6 of 6,7 of 7,Complete,Complete
BNN,Burnaby-New Westminster,Tripat Hale,BC Pineapple Party,2709,17.59%,13 of 13,22/08/2024,03:52:20 PM,6 of 6,7 of 7,Complete,Complete
BNN,Burnaby-New Westminster,Donald Read,Cherries,3228,20.96%,13 of 13,22/08/2024,03:52:20 PM,6 of 6,7 of 7,Complete,Complete
BNN,Burnaby-New Westminster,Ben Robson,Bananas,3612,23.45%,13 of 13,22/08/2024,03:52:20 PM,6 of 6,7 of 7,Complete,Complete
BNN,Burnaby-New Westminster,Roy Sakata,BC Kiwi Party,2694,17.49%,13 of 13,22/08/2024,03:52:20 PM,6 of 6,7 of 7,Complete,Complete
BNO,Burnaby North,Andrew Babchuk,BC Mangoes,2946,21.29%,13 of 13,22/08/2024,03:52:20 PM,7 of 7,6 of 6,Complete,Complete
BNO,Burnaby North,Ravi Burton,BC Pineapple Party,3160,22.84%,13 of 13,22/08/2024,03:52:20 PM,7 of 7,6 of 6,Complete,Complete
BNO,Burnaby North,Megan Charlwood,Cherries,2857,20.65%,13 of 13,22/08/2024,03:52:20 PM,7 of 7,6 of 6,Complete,Complete
BNO,Burnaby North,Doug Heyman,BC Kiwi Party,2677,19.35%,13 of 13,22/08/2024,03:52:20 PM,7 of 7,6 of 6,Complete,Complete
BNO,Burnaby North,Corbin Merrifield,Bananas,2195,15.87%,13 of 13,22/08/2024,03:52:20 PM,7 of 7,6 of 6,Complete,Complete
BNS,Burnaby South-Metrotown,Connie Chow,BC Pineapple Party,3072,20.36%,11 of 11,22/08/2024,03:52:20 PM,6 of 6,5 of 5,Complete,Complete
BNS,Burnaby South-Metrotown,Duck (Don) Greig,Cherries,2198,14.57%,11 of 11,22/08/2024,03:52:20 PM,6 of 6,5 of 5,Complete,Complete
BNS,Burnaby South-Metrotown,Michael Hamilton,BC Mangoes,2240,14.85%,11 of 11,22/08/2024,03:52:20 PM,6 of 6,5 of 5,Complete,Complete
BNS,Burnaby South-Metrotown,Norm Rai,BC Kiwi Party,2583,17.12%,11 of 11,22/08/2024,03:52:20 PM,6 of 6,5 of 5,Complete,Complete
BNS,Burnaby South-Metrotown,Sonia Shebib,Bananas,2650,17.56%,11 of 11,22/08/2024,03:52:20 PM,6 of 6,5 of 5,Complete,Complete
BNS,Burnaby South-Metrotown,Nicola Taylor,,2346,15.55%,11 of 11,22/08/2024,03:52:20 PM,6 of 6,5 of 5,Complete,Complete
CBC,Cariboo-Chilcotin,Nicole Bill,Bananas,2557,24.64%,14 of 14,22/08/2024,03:52:20 PM,6 of 6,8 of 8,Complete,Complete
CBC,Cariboo-Chilcotin,Jane Kaul,BC Pineapple Party,2799,26.98%,14 of 14,22/08/2024,03:52:20 PM,6 of 6,8 of 8,Complete,Complete
CBC,Cariboo-Chilcotin,Brandon Spurling,BC Kiwi Party,2252,21.70%,14 of 14,22/08/2024,03:52:20 PM,6 of 6,8 of 8,Complete,Complete
CBC,Cariboo-Chilcotin,Devyani Walker,BC Mangoes,2768,26.68%,14 of 14,22/08/2024,03:52:20 PM,6 of 6,8 of 8,Complete,Complete
CHC,Chilliwack-Cultus Lake,Rylan King,Cherries,2434,19.64%,14 of 14,22/08/2024,03:52:20 PM,5 of 5,9 of 9,Complete,Complete
CHC,Chilliwack-Cultus Lake,Bryn Letnick,BC Kiwi Party,1734,13.99%,14 of 14,22/08/2024,03:52:20 PM,5 of 5,9 of 9,Complete,Complete
CHC,Chilliwack-Cultus Lake,David Letnick,BC Mangoes,2578,20.80%,14 of 14,22/08/2024,03:52:20 PM,5 of 5,9 of 9,Complete,Complete
CHC,Chilliwack-Cultus Lake,John Milobar,BC Pineapple Party,2729,22.02%,14 of 14,22/08/2024,03:52:20 PM,5 of 5,9 of 9,Complete,Complete
CHC,Chilliwack-Cultus Lake,Ravi Patsicakis,Bananas,2921,23.56%,14 of 14,22/08/2024,03:52:20 PM,5 of 5,9 of 9,Complete,Complete
CHN,Chilliwack North,Magee Mackinnon,BC Kiwi Party,3349,26.72%,15 of 15,22/08/2024,03:52:20 PM,5 of 5,10 of 10,Complete,Complete
CHN,Chilliwack North,Pascal Murphy,BC Mangoes,3174,25.32%,15 of 15,22/08/2024,03:52:20 PM,5 of 5,10 of 10,Complete,Complete
CHN,Chilliwack North,Peter Quince,BC Pineapple Party,3130,24.97%,15 of 15,22/08/2024,03:52:20 PM,5 of 5,10 of 10,Complete,Complete
CHN,Chilliwack North,Katya Smith,Bananas,2882,22.99%,15 of 15,22/08/2024,03:52:20 PM,5 of 5,10 of 10,Complete,Complete
CLR,Columbia River-Revelstoke,John Burns,BC Pineapple Party,2828,21.10%,14 of 14,22/08/2024,03:52:20 PM,6 of 6,8 of 8,Complete,Complete
CLR,Columbia River-Revelstoke,Dan Castle,BC Kiwi Party,2638,19.68%,14 of 14,22/08/2024,03:52:20 PM,6 of 6,8 of 8,Complete,Complete
CLR,Columbia River-Revelstoke,Alexa Harris,Bananas,2511,18.74%,14 of 14,22/08/2024,03:52:20 PM,6 of 6,8 of 8,Complete,Complete
CLR,Columbia River-Revelstoke,Vernon Muniak,Cherries,2663,19.87%,14 of 14,22/08/2024,03:52:20 PM,6 of 6,8 of 8,Complete,Complete
CLR,Columbia River-Revelstoke,Peter Oakes,BC Mangoes,2762,20.61%,14 of 14,22/08/2024,03:52:20 PM,6 of 6,8 of 8,Complete,Complete
CQB,Coquitlam-Burke Mountain,Kyle Boparai,BC Kiwi Party,2810,19.28%,15 of 15,22/08/2024,03:52:20 PM,6 of 6,9 of 9,Complete,Complete
CQB,Coquitlam-Burke Mountain,Adam Parsons,BC Mangoes,2911,19.97%,15 of 15,22/08/2024,03:52:20 PM,6 of 6,9 of 9,Complete,Complete
CQB,Coquitlam-Burke Mountain,Ellis Sandhar,BC Pineapple Party,3059,20.99%,15 of 15,22/08/2024,03:52:20 PM,6 of 6,9 of 9,Complete,Complete
CQB,Coquitlam-Burke Mountain,Keith Singh,Cherries,2899,19.89%,15 of 15,22/08/2024,03:52:20 PM,6 of 6,9 of 9,Complete,Complete
CQB,Coquitlam-Burke Mountain,Gary Strandlund,Bananas,2895,19.86%,15 of 15,22/08/2024,03:52:20 PM,6 of 6,9 of 9,Complete,Complete
CQM,Coquitlam-Maillardville,Joe Crocock,BC Pineapple Party,2547,29.04%,12 of 12,22/08/2024,03:52:20 PM,5 of 5,7 of 7,Complete,Complete
CQM,Coquitlam-Maillardville,Spencer Keithley,Bananas,2236,25.50%,12 of 12,22/08/2024,03:52:20 PM,5 of 5,7 of 7,Complete,Complete
CQM,Coquitlam-Maillardville,Jon Olsen,BC Kiwi Party,1643,18.73%,12 of 12,22/08/2024,03:52:20 PM,5 of 5,7 of 7,Complete,Complete
CQM,Coquitlam-Maillardville,Dominique Tam,BC Mangoes,2344,26.73%,12 of 12,22/08/2024,03:52:20 PM,5 of 5,7 of 7,Complete,Complete
CRC,Courtenay-Comox,Raymond Hunter,Bananas,3195,26.86%,15 of 15,22/08/2024,03:52:20 PM,6 of 6,9 of 9,Complete,Complete
CRC,Courtenay-Comox,Michele Leonard,BC Kiwi Party,3001,25.23%,15 of 15,22/08/2024,03:52:20 PM,6 of 6,9 of 9,Complete,Complete
CRC,Courtenay-Comox,Dennis Russell,BC Pineapple Party,2889,24.29%,15 of 15,22/08/2024,03:52:20 PM,6 of 6,9 of 9,Complete,Complete
CRC,Courtenay-Comox,Michael Wilkinson,BC Mangoes,2808,23.61%,15 of 15,22/08/2024,03:52:20 PM,6 of 6,9 of 9,Complete,Complete
CWV,Cowichan Valley,Amanda Brett,BC Kiwi Party,1927,25.41%,15 of 15,22/08/2024,03:52:20 PM,5 of 5,10 of 10,Complete,Complete
CWV,Cowichan Valley,Jag Davies,Bananas,2153,28.38%,15 of 15,22/08/2024,03:52:20 PM,5 of 5,10 of 10,Complete,Complete
CWV,Cowichan Valley,Chris Kyllo,BC Mangoes,1618,21.33%,15 of 15,22/08/2024,03:52:20 PM,5 of 5,10 of 10,Complete,Complete
CWV,Cowichan Valley,Andrew Stoddart-Hansen,BC Pineapple Party,1887,24.88%,15 of 15,22/08/2024,03:52:20 PM,5 of 5,10 of 10,Complete,Complete
DLN,Delta North,Nicole Chen,BC Mangoes,2456,17.06%,13 of 13,22/08/2024,03:52:20 PM,6 of 6,7 of 7,Complete,Complete
DLN,Delta North,Sadie Hunt,BC Kiwi Party,2395,16.63%,13 of 13,22/08/2024,03:52:20 PM,6 of 6,7 of 7,Complete,Complete
DLN,Delta North,Brian Lee,BC Pineapple Party,2582,17.93%,13 of 13,22/08/2024,03:52:20 PM,6 of 6,7 of 7,Complete,Complete
DLN,Delta North,Ramanjit Macahonic,Bananas,1918,13.32%,13 of 13,22/08/2024,03:52:20 PM,6 of 6,7 of 7,Complete,Complete
DLN,Delta North,Puneet Murarka,Cherries,2781,19.31%,13 of 13,22/08/2024,03:52:20 PM,6 of 6,7 of 7,Complete,Complete
DLN,Delta North,Nan Pitcairn,,2267,15.74%,13 of 13,22/08/2024,03:52:20 PM,6 of 6,7 of 7,Complete,Complete
DLS,Delta South,Leah Alexis,BC Pineapple Party,2521,26.12%,13 of 13,22/08/2024,03:52:20 PM,6 of 6,7 of 7,Complete,Complete
DLS,Delta South,Louise Bepple,BC Kiwi Party,2578,26.71%,13 of 13,22/08/2024,03:52:20 PM,6 of 6,7 of 7,Complete,Complete
DLS,Delta South,Shirley Goulet,Bananas,2490,25.80%,13 of 13,22/08/2024,03:52:20 PM,6 of 6,7 of 7,Complete,Complete
DLS,Delta South,Roy Yang-Riley,BC Mangoes,2063,21.37%,13 of 13,22/08/2024,03:52:20 PM,6 of 6,7 of 7,Complete,Complete
ESC,Esquimalt-Colwood,Zeb Logan,BC Kiwi Party,4510,33.88%,14 of 14,22/08/2024,03:52:20 PM,6 of 6,8 of 8,Complete,Complete
ESC,Esquimalt-Colwood,Jane Matthews,BC Mangoes,4286,32.20%,14 of 14,22/08/2024,03:52:20 PM,6 of 6,8 of 8,Complete,Complete
ESC,Esquimalt-Colwood,Kelli Steffler,Bananas,4515,33.92%,14 of 14,22/08/2024,03:52:20 PM,6 of 6,8 of 8,Complete,Complete
FRN,Fraser-Nicola,Gabe Fraser,Bananas,2916,19.33%,14 of 14,22/08/2024,03:52:20 PM,7 of 7,7 of 7,Complete,Complete
FRN,Fraser-Nicola,Scott O'Hara,Cherries,3041,20.16%,14 of 14,22/08/2024,03:52:20 PM,7 of 7,7 of 7,Complete,Complete
FRN,Fraser-Nicola,Katrine Stilwell,BC Mangoes,2604,17.26%,14 of 14,22/08/2024,03:52:20 PM,7 of 7,7 of 7,Complete,Complete
FRN,Fraser-Nicola,Keith Versaevel,BC Pineapple Party,3771,25.00%,14 of 14,22/08/2024,03:52:20 PM,7 of 7,7 of 7,Complete,Complete
FRN,Fraser-Nicola,Delmar Williams,BC Kiwi Party,2752,18.24%,14 of 14,22/08/2024,03:52:20 PM,7 of 7,7 of 7,Complete,Complete
JFM,Juan de Fuca-Malahat,Salvatore Cook,BC Mangoes,2883,28.96%,13 of 13,22/08/2024,03:52:20 PM,5 of 5,8 of 8,Complete,Complete
JFM,Juan de Fuca-Malahat,Cole Farnworth,BC Pineapple Party,2694,27.06%,13 of 13,22/08/2024,03:52:20 PM,5 of 5,8 of 8,Complete,Complete
JFM,Juan de Fuca-Malahat,Amelia Plecas,Bananas,1788,17.96%,13 of 13,22/08/2024,03:52:20 PM,5 of 5,8 of 8,Complete,Complete
JFM,Juan de Fuca-Malahat,Coralee Veintimilla,BC Kiwi Party,2589,26.01%,13 of 13,22/08/2024,03:52:20 PM,5 of 5,8 of 8,Complete,Complete
KAC,Kamloops Centre,Mathew Ashlie,Bananas,3506,35.32%,11 of 11,22/08/2024,03:52:20 PM,4 of 4,7 of 7,Complete,Complete
KAC,Kamloops Centre,Keli Delong,BC Kiwi Party,2865,28.87%,11 of 11,22/08/2024,03:52:20 PM,4 of 4,7 of 7,Complete,Complete
KAC,Kamloops Centre,Roly Wong,BC Mangoes,3554,35.81%,11 of 11,22/08/2024,03:52:20 PM,4 of 4,7 of 7,Complete,Complete
KAN,Kamloops-North Thompson,Vince Barthel,BC Kiwi Party,2838,19.67%,13 of 13,22/08/2024,03:52:20 PM,5 of 5,8 of 8,Complete,Complete
KAN,Kamloops-North Thompson,Bowinn Holman,Bananas,4098,28.40%,13 of 13,22/08/2024,03:52:20 PM,5 of 5,8 of 8,Complete,Complete
KAN,Kamloops-North Thompson,Neema Hunt,BC Mangoes,3087,21.39%,13 of 13,22/08/2024,03:52:20 PM,5 of 5,8 of 8,Complete,Complete
KAN,Kamloops-North Thompson,Gary Wiens,BC Pineapple Party,4406,30.54%,13 of 13,22/08/2024,03:52:20 PM,5 of 5,8 of 8,Complete,Complete
KEC,Kelowna Centre,Spencer Filippelli,Bananas,5621,24.66%,15 of 15,22/08/2024,03:52:20 PM,6 of 6,9 of 9,Complete,Complete
KEC,Kelowna Centre,Melanie Kirkpatrick,BC Kiwi Party,5596,24.55%,15 of 15,22/08/2024,03:52:20 PM,6 of 6,9 of 9,Complete,Complete
KEC,Kelowna Centre,Ronna-Rae Pielak,BC Pineapple Party,6110,26.80%,15 of 15,22/08/2024,03:52:20 PM,6 of 6,9 of 9,Complete,Complete
KEC,Kelowna Centre,Peter Zargham,BC Mangoes,5469,23.99%,15 of 15,22/08/2024,03:52:20 PM,6 of 6,9 of 9,Complete,Complete
KLC,Kelowna-Lake Country-Coldstream,David Flavelle,BC Kiwi Party,3541,23.31%,14 of 14,22/08/2024,03:52:20 PM,5 of 5,9 of 9,Complete,Complete
KLC,Kelowna-Lake Country-Coldstream,Thomas Fleming,BC Pineapple Party,4092,26.94%,14 of 14,22/08/2024,03:52:20 PM,5 of 5,9 of 9,Complete,Complete
KLC,Kelowna-Lake Country-Coldstream,Harry Lowe,Bananas,3880,25.54%,14 of 14,22/08/2024,03:52:20 PM,5 of 5,9 of 9,Complete,Complete
KLC,Kelowna-Lake Country-Coldstream,Stephen Truong,BC Mangoes,3677,24.21%,14 of 14,22/08/2024,03:52:20 PM,5 of 5,9 of 9,Complete,Complete
KLM,Kelowna-Mission,Jaeden Clovechok,BC Kiwi Party,4259,14.89%,12 of 12,22/08/2024,03:52:20 PM,5 of 5,7 of 7,Complete,Complete
KLM,Kelowna-Mission,Sean Loo,,3974,13.89%,12 of 12,22/08/2024,03:52:20 PM,5 of 5,7 of 7,Complete,Complete
KLM,Kelowna-Mission,James Miller,Cherries,4095,14.31%,12 of 12,22/08/2024,03:52:20 PM,5 of 5,7 of 7,Complete,Complete
KLM,Kelowna-Mission,Gulzar Ranta,Bananas,4318,15.09%,12 of 12,22/08/2024,03:52:20 PM,5 of 5,7 of 7,Complete,Complete
KLM,Kelowna-Mission,Bowinn Reimer,BC Pineapple Party,3944,13.78%,12 of 12,22/08/2024,03:52:20 PM,5 of 5,7 of 7,Complete,Complete
KLM,Kelowna-Mission,Chris Root, ,4205,14.70%,12 of 12,22/08/2024,03:52:20 PM,5 of 5,7 of 7,Complete,Complete
KLM,Kelowna-Mission,Xaanja Wat,BC Mangoes,3816,13.34%,12 of 12,22/08/2024,03:52:20 PM,5 of 5,7 of 7,Complete,Complete
KOC,Kootenay Central,David Kelley,BC Kiwi Party,3404,29.73%,15 of 15,22/08/2024,03:52:20 PM,6 of 6,9 of 9,Complete,Complete
KOC,Kootenay Central,Owen Mullins,Bananas,3917,34.21%,15 of 15,22/08/2024,03:52:20 PM,6 of 6,9 of 9,Complete,Complete
KOC,Kootenay Central,Anne Singh,BC Mangoes,4129,36.06%,15 of 15,22/08/2024,03:52:20 PM,6 of 6,9 of 9,Complete,Complete
KOM,Kootenay-Monashee,Hilary Cheema,BC Kiwi Party,2476,20.38%,12 of 12,22/08/2024,03:52:20 PM,4 of 4,8 of 8,Complete,Complete
KOM,Kootenay-Monashee,Aird Greer,BC Pineapple Party,2486,20.46%,12 of 12,22/08/2024,03:52:20 PM,4 of 4,8 of 8,Complete,Complete
KOM,Kootenay-Monashee,Andrew Smith,BC Mangoes,2682,22.07%,12 of 12,22/08/2024,03:52:20 PM,4 of 4,8 of 8,Complete,Complete
KOM,Kootenay-Monashee,Eden Twigg,Bananas,2051,16.88%,12 of 12,22/08/2024,03:52:20 PM,4 of 4,8 of 8,Complete,Complete
KOM,Kootenay-Monashee,Ian Wilson,Cherries,2456,20.21%,12 of 12,22/08/2024,03:52:20 PM,4 of 4,8 of 8,Complete,Complete
KOR,Kootenay-Rockies,Dan Bond,BC Kiwi Party,2551,21.75%,15 of 15,22/08/2024,03:52:20 PM,6 of 6,9 of 9,Complete,Complete
KOR,Kootenay-Rockies,Jas Clovechok,BC Pineapple Party,2910,24.81%,15 of 15,22/08/2024,03:52:20 PM,6 of 6,9 of 9,Complete,Complete
KOR,Kootenay-Rockies,Karin Darwin,Bananas,3133,26.71%,15 of 15,22/08/2024,03:52:20 PM,6 of 6,9 of 9,Complete,Complete
KOR,Kootenay-Rockies,Mitzi Wall,BC Mangoes,3137,26.74%,15 of 15,22/08/2024,03:52:20 PM,6 of 6,9 of 9,Complete,Complete
LAO,Ladysmith-Oceanside,Jody Babcock,Bananas,2432,19.79%,15 of 15,22/08/2024,03:52:20 PM,5 of 5,10 of 10,Complete,Complete
LAO,Ladysmith-Oceanside,Jordan Beare,BC Kiwi Party,3090,25.15%,15 of 15,22/08/2024,03:52:20 PM,5 of 5,10 of 10,Complete,Complete
LAO,Ladysmith-Oceanside,Alex Cariou,BC Mangoes,3570,29.05%,15 of 15,22/08/2024,03:52:20 PM,5 of 5,10 of 10,Complete,Complete
LAO,Ladysmith-Oceanside,Michael Doyle,BC Pineapple Party,3196,26.01%,15 of 15,22/08/2024,03:52:20 PM,5 of 5,10 of 10,Complete,Complete
LFH,Langford-Highlands,Tom Fonseca,BC Kiwi Party,2964,21.91%,13 of 13,22/08/2024,03:52:20 PM,4 of 4,9 of 9,Complete,Complete
LFH,Langford-Highlands,Veronica Ryan,BC Mangoes,3831,28.31%,13 of 13,22/08/2024,03:52:20 PM,4 of 4,9 of 9,Complete,Complete
LFH,Langford-Highlands,Rasoul Tremblay,BC Pineapple Party,3358,24.82%,13 of 13,22/08/2024,03:52:20 PM,4 of 4,9 of 9,Complete,Complete
LFH,Langford-Highlands,Ryan Yamamoto,Bananas,3378,24.96%,13 of 13,22/08/2024,03:52:20 PM,4 of 4,9 of 9,Complete,Complete
LLA,Langley-Abbotsford,Janet Anglin,BC Kiwi Party,4769,17.59%,14 of 14,22/08/2024,03:52:20 PM,5 of 5,9 of 9,Complete,Complete
LLA,Langley-Abbotsford,Larry Delfing,BC Pineapple Party,4378,16.15%,14 of 14,22/08/2024,03:52:20 PM,5 of 5,9 of 9,Complete,Complete
LLA,Langley-Abbotsford,Sam Hallschmid,BC Mangoes,4291,15.83%,14 of 14,22/08/2024,03:52:20 PM,5 of 5,9 of 9,Complete,Complete
LLA,Langley-Abbotsford,Jesse Lombardi,Cherries,4113,15.17%,14 of 14,22/08/2024,03:52:20 PM,5 of 5,9 of 9,Complete,Complete
LLA,Langley-Abbotsford,James Seres,Bananas,5032,18.56%,14 of 14,22/08/2024,03:52:20 PM,5 of 5,9 of 9,Complete,Complete
LLA,Langley-Abbotsford,Christy Smith,,4525,16.69%,14 of 14,22/08/2024,03:52:20 PM,5 of 5,9 of 9,Complete,Complete
LWG,Langley-Walnut Grove,Tyson Joehl,BC Mangoes,3516,27.37%,12 of 12,22/08/2024,03:52:20 PM,4 of 4,8 of 8,Complete,Complete
LWG,Langley-Walnut Grove,Reuben Macnair,BC Pineapple Party,3001,23.36%,12 of 12,22/08/2024,03:52:20 PM,4 of 4,8 of 8,Complete,Complete
LWG,Langley-Walnut Grove,Harpreet Osborne,Bananas,3278,25.52%,12 of 12,22/08/2024,03:52:20 PM,4 of 4,8 of 8,Complete,Complete
LWG,Langley-Walnut Grove,Marc Wilson,BC Kiwi Party,3049,23.74%,12 of 12,22/08/2024,03:52:20 PM,4 of 4,8 of 8,Complete,Complete
LWI,Langley-Willowbrook,Gail Geronazzo,BC Kiwi Party,5008,14.47%,14 of 14,22/08/2024,03:52:20 PM,5 of 5,9 of 9,Complete,Complete
LWI,Langley-Willowbrook,Garry Kunst,,5349,15.45%,14 of 14,22/08/2024,03:52:20 PM,5 of 5,9 of 9,Complete,Complete
LWI,Langley-Willowbrook,Jennifer Lali,BC Mangoes,5308,15.34%,14 of 14,22/08/2024,03:52:20 PM,5 of 5,9 of 9,Complete,Complete
LWI,Langley-Willowbrook,Jose Marciniw,Cherries,3708,10.71%,14 of 14,22/08/2024,03:52:20 PM,5 of 5,9 of 9,Complete,Complete
LWI,Langley-Willowbrook,Jenn Murdoch,Bananas,5210,15.05%,14 of 14,22/08/2024,03:52:20 PM,5 of 5,9 of 9,Complete,Complete
LWI,Langley-Willowbrook,Adrian Popham,BC Pineapple Party,5472,15.81%,14 of 14,22/08/2024,03:52:20 PM,5 of 5,9 of 9,Complete,Complete
LWI,Langley-Willowbrook,Margaret Stone,Independent,4557,13.17%,14 of 14,22/08/2024,03:52:20 PM,5 of 5,9 of 9,Complete,Complete
MAE,Maple Ridge East,Jackie Desjardins,BC Kiwi Party,2798,23.05%,14 of 14,22/08/2024,03:52:20 PM,5 of 5,9 of 9,Complete,Complete
MAE,Maple Ridge East,Randal Hines,BC Pineapple Party,2920,24.06%,14 of 14,22/08/2024,03:52:20 PM,5 of 5,9 of 9,Complete,Complete
MAE,Maple Ridge East,Nancy Hyde,BC Mangoes,2315,19.07%,14 of 14,22/08/2024,03:52:20 PM,5 of 5,9 of 9,Complete,Complete
MAE,Maple Ridge East,Iqbal Neilson,Bananas,4104,33.81%,14 of 14,22/08/2024,03:52:20 PM,5 of 5,9 of 9,Complete,Complete
MAP,Maple Ridge-Pitt Meadows,Samson Brar,BC Mangoes,3390,40.19%,12 of 12,22/08/2024,03:52:20 PM,4 of 4,8 of 8,Complete,Complete
MAP,Maple Ridge-Pitt Meadows,Lorne Neufeld,Bananas,2573,30.50%,12 of 12,22/08/2024,03:52:20 PM,4 of 4,8 of 8,Complete,Complete
MAP,Maple Ridge-Pitt Meadows,John Rai,BC Kiwi Party,2472,29.31%,12 of 12,22/08/2024,03:52:20 PM,4 of 4,8 of 8,Complete,Complete
MPR,Mid Island-Pacific Rim,Brenda Chaudry,Bananas,2617,38.04%,13 of 13,22/08/2024,03:52:20 PM,5 of 5,8 of 8,Complete,Complete
MPR,Mid Island-Pacific Rim,Peter Prest,BC Mangoes,2086,30.32%,13 of 13,22/08/2024,03:52:20 PM,5 of 5,8 of 8,Complete,Complete
MPR,Mid Island-Pacific Rim,Jagrup Sharma,BC Kiwi Party,2176,31.63%,13 of 13,22/08/2024,03:52:20 PM,5 of 5,8 of 8,Complete,Complete
NAI,Nanaimo-Gabriola Island,Dan Dhillon,BC Kiwi Party,2939,35.56%,14 of 14,22/08/2024,03:52:20 PM,5 of 5,9 of 9,Complete,Complete
NAI,Nanaimo-Gabriola Island,Katrina Mcculloch,Bananas,3048,36.87%,14 of 14,22/08/2024,03:52:20 PM,5 of 5,9 of 9,Complete,Complete
NAI,Nanaimo-Gabriola Island,Mackenzie Williamson,BC Mangoes,2279,27.57%,14 of 14,22/08/2024,03:52:20 PM,5 of 5,9 of 9,Complete,Complete
NAL,Nanaimo-Lantzville,Benny Jan,BC Kiwi Party,2751,30.55%,14 of 14,22/08/2024,03:52:20 PM,4 of 4,10 of 10,Complete,Complete
NAL,Nanaimo-Lantzville,Logan Kashuba,Bananas,2917,32.39%,14 of 14,22/08/2024,03:52:20 PM,4 of 4,10 of 10,Complete,Complete
NAL,Nanaimo-Lantzville,Jennifer Paton,BC Mangoes,3338,37.06%,14 of 14,22/08/2024,03:52:20 PM,4 of 4,10 of 10,Complete,Complete
NEC,Nechako Lakes,Mike Douglas,BC Pineapple Party,2852,22.84%,15 of 15,22/08/2024,03:52:20 PM,5 of 5,10 of 10,Complete,Complete
NEC,Nechako Lakes,Harwinder Holmes,Bananas,3712,29.72%,15 of 15,22/08/2024,03:52:20 PM,5 of 5,10 of 10,Complete,Complete
NEC,Nechako Lakes,Walt Johnson,BC Mangoes,3152,25.24%,15 of 15,22/08/2024,03:52:20 PM,5 of 5,10 of 10,Complete,Complete
NEC,Nechako Lakes,William Thiesen,BC Kiwi Party,2773,22.20%,15 of 15,22/08/2024,03:52:20 PM,5 of 5,10 of 10,Complete,Complete
NMC,New Westminster-Coquitlam,Brenda Ashton,Bananas,1440,12.77%,12 of 12,22/08/2024,03:52:20 PM,4 of 4,8 of 8,Complete,Complete
NMC,New Westminster-Coquitlam,Dallas Cambridge,BC Mangoes,2315,20.52%,12 of 12,22/08/2024,03:52:20 PM,4 of 4,8 of 8,Complete,Complete
NMC,New Westminster-Coquitlam,Tracy Chocyk,BC Pineapple Party,2659,23.57%,12 of 12,22/08/2024,03:52:20 PM,4 of 4,8 of 8,Complete,Complete
NMC,New Westminster-Coquitlam,Valentine Janzen,BC Kiwi Party,3223,28.58%,12 of 12,22/08/2024,03:52:20 PM,4 of 4,8 of 8,Complete,Complete
NMC,New Westminster-Coquitlam,Dan Sumexheltza,Cherries,1642,14.56%,12 of 12,22/08/2024,03:52:20 PM,4 of 4,8 of 8,Complete,Complete
NOH,North Coast-Haida Gwaii,Laura-Lynn Dorval,BC Kiwi Party,3459,32.16%,16 of 16,22/08/2024,03:52:20 PM,6 of 6,10 of 10,Complete,Complete
NOH,North Coast-Haida Gwaii,Aman Greaves,BC Mangoes,3783,35.17%,16 of 16,22/08/2024,03:52:20 PM,6 of 6,10 of 10,Complete,Complete
NOH,North Coast-Haida Gwaii,Nigel Warrington,Bananas,3515,32.68%,16 of 16,22/08/2024,03:52:20 PM,6 of 6,10 of 10,Complete,Complete
NOI,North Island,Jas James,Bananas,3504,27.37%,19 of 19,22/08/2024,03:52:20 PM,7 of 7,12 of 12,Complete,Complete
NOI,North Island,Jon Mitchell,BC Pineapple Party,3182,24.86%,19 of 19,22/08/2024,03:52:20 PM,7 of 7,12 of 12,Complete,Complete
NOI,North Island,Scott Pattee,BC Mangoes,2674,20.89%,19 of 19,22/08/2024,03:52:20 PM,7 of 7,12 of 12,Complete,Complete
NOI,North Island,Kevin Wall,BC Kiwi Party,3441,26.88%,19 of 19,22/08/2024,03:52:20 PM,7 of 7,12 of 12,Complete,Complete
NVL,North Vancouver-Lonsdale,John Affleck,BC Kiwi Party,2147,15.55%,12 of 12,22/08/2024,03:52:20 PM,5 of 5,7 of 7,Complete,Complete
NVL,North Vancouver-Lonsdale,Ted Brett,Bananas,1986,14.38%,12 of 12,22/08/2024,03:52:20 PM,5 of 5,7 of 7,Complete,Complete
NVL,North Vancouver-Lonsdale,Brittny Hee,Cherries,2184,15.81%,12 of 12,22/08/2024,03:52:20 PM,5 of 5,7 of 7,Complete,Complete
NVL,North Vancouver-Lonsdale,Cheryl Hendy,BC Pineapple Party,2289,16.57%,12 of 12,22/08/2024,03:52:20 PM,5 of 5,7 of 7,Complete,Complete
NVL,North Vancouver-Lonsdale,Malagius Lindgren,BC Mangoes,2794,20.23%,12 of 12,22/08/2024,03:52:20 PM,5 of 5,7 of 7,Complete,Complete
NVL,North Vancouver-Lonsdale,Carole Ma,,2411,17.46%,12 of 12,22/08/2024,03:52:20 PM,5 of 5,7 of 7,Complete,Complete
NVS,North Vancouver-Seymour,Kay Bleuer,BC Pineapple Party,2697,25.71%,13 of 13,22/08/2024,03:52:20 PM,4 of 4,9 of 9,Complete,Complete
NVS,North Vancouver-Seymour,David Helme,Bananas,3301,31.46%,13 of 13,22/08/2024,03:52:20 PM,4 of 4,9 of 9,Complete,Complete
NVS,North Vancouver-Seymour,Kim Simcox,BC Kiwi Party,2425,23.11%,13 of 13,22/08/2024,03:52:20 PM,4 of 4,9 of 9,Complete,Complete
NVS,North Vancouver-Seymour,Dan Westgate,BC Mangoes,2069,19.72%,13 of 13,22/08/2024,03:52:20 PM,4 of 4,9 of 9,Complete,Complete
OBG,Oak Bay-Gordon Head,Ronna-Rae Bhandari,BC Mangoes,2429,33.34%,14 of 14,22/08/2024,03:52:20 PM,5 of 5,9 of 9,Complete,Complete
OBG,Oak Bay-Gordon Head,Susie Jaluague,BC Kiwi Party,2303,31.61%,14 of 14,22/08/2024,03:52:20 PM,5 of 5,9 of 9,Complete,Complete
OBG,Oak Bay-Gordon Head,Aman Sultan,Bananas,2554,35.05%,14 of 14,22/08/2024,03:52:20 PM,5 of 5,9 of 9,Complete,Complete
PCN,Peace River North,Joshua Colero,BC Kiwi Party,2774,34.22%,14 of 14,22/08/2024,03:52:20 PM,6 of 6,8 of 8,Complete,Complete
PCN,Peace River North,Clayton Olesen,Bananas,2726,33.63%,14 of 14,22/08/2024,03:52:20 PM,6 of 6,8 of 8,Complete,Complete
PCN,Peace River North,Kimball Smith,BC Mangoes,2606,32.15%,14 of 14,22/08/2024,03:52:20 PM,6 of 6,8 of 8,Complete,Complete
PCS,Peace River South,Tom Komar,Bananas,2885,19.98%,15 of 15,22/08/2024,03:52:20 PM,6 of 6,9 of 9,Complete,Complete
PCS,Peace River South,Tara Lin,Cherries,3404,23.57%,15 of 15,22/08/2024,03:52:20 PM,6 of 6,9 of 9,Complete,Complete
PCS,Peace River South,Rj Maxwell,BC Kiwi Party,2481,17.18%,15 of 15,22/08/2024,03:52:20 PM,6 of 6,9 of 9,Complete,Complete
PCS,Peace River South,Francoise Morton,BC Mangoes,2825,19.56%,15 of 15,22/08/2024,03:52:20 PM,6 of 6,9 of 9,Complete,Complete
PCS,Peace River South,Kelly Routley,BC Pineapple Party,2845,19.70%,15 of 15,22/08/2024,03:52:20 PM,6 of 6,9 of 9,Complete,Complete
PES,Penticton-Summerland,Peter Alderking,BC Pineapple Party,2757,14.41%,13 of 13,22/08/2024,03:52:20 PM,5 of 5,8 of 8,Complete,Complete
PES,Penticton-Summerland,Jin Barkusky,Bananas,2755,14.40%,13 of 13,22/08/2024,03:52:20 PM,5 of 5,8 of 8,Complete,Complete
PES,Penticton-Summerland,Jas Furstenau,BC Mangoes,2621,13.70%,13 of 13,22/08/2024,03:52:20 PM,5 of 5,8 of 8,Complete,Complete
PES,Penticton-Summerland,Andrew Harris,Independent,2958,15.46%,13 of 13,22/08/2024,03:52:20 PM,5 of 5,8 of 8,Complete,Complete
PES,Penticton-Summerland,Aisha Johnston,Cherries,2047,10.70%,13 of 13,22/08/2024,03:52:20 PM,5 of 5,8 of 8,Complete,Complete
PES,Penticton-Summerland,Harwinder Malik,,2973,15.54%,13 of 13,22/08/2024,03:52:20 PM,5 of 5,8 of 8,Complete,Complete
PES,Penticton-Summerland,Scott Wang,BC Kiwi Party,3020,15.79%,13 of 13,22/08/2024,03:52:20 PM,5 of 5,8 of 8,Complete,Complete
POC,Port Coquitlam,Michael Gook,BC Kiwi Party,1868,22.51%,14 of 14,22/08/2024,03:52:20 PM,4 of 4,10 of 10,Complete,Complete
POC,Port Coquitlam,Pauline Greenwood,BC Mangoes,3162,38.10%,14 of 14,22/08/2024,03:52:20 PM,4 of 4,10 of 10,Complete,Complete
POC,Port Coquitlam,Lewis Welwood,Bananas,3269,39.39%,14 of 14,22/08/2024,03:52:20 PM,4 of 4,10 of 10,Complete,Complete
POM,Port Moody-Burquitlam,Sandra Fleming,BC Kiwi Party,2294,17.96%,14 of 14,22/08/2024,03:52:20 PM,5 of 5,9 of 9,Complete,Complete
POM,Port Moody-Burquitlam,Peter Kang,BC Pineapple Party,1956,15.31%,14 of 14,22/08/2024,03:52:20 PM,5 of 5,9 of 9,Complete,Complete
POM,Port Moody-Burquitlam,Bill Reichert,Cherries,3112,24.36%,14 of 14,22/08/2024,03:52:20 PM,5 of 5,9 of 9,Complete,Complete
POM,Port Moody-Burquitlam,Diane Stewart,BC Mangoes,2983,23.35%,14 of 14,22/08/2024,03:52:20 PM,5 of 5,9 of 9,Complete,Complete
POM,Port Moody-Burquitlam,Mable Vassilas,Bananas,2431,19.03%,14 of 14,22/08/2024,03:52:20 PM,5 of 5,9 of 9,Complete,Complete
POR,Powell River-Sunshine Coast,Liz Bailey,Bananas,3306,25.69%,16 of 16,22/08/2024,03:52:20 PM,7 of 7,9 of 9,Complete,Complete
POR,Powell River-Sunshine Coast,Jon Chaddock-Costello,BC Pineapple Party,3966,30.82%,16 of 16,22/08/2024,03:52:20 PM,7 of 7,9 of 9,Complete,Complete
POR,Powell River-Sunshine Coast,Elias Li,BC Kiwi Party,2618,20.34%,16 of 16,22/08/2024,03:52:20 PM,7 of 7,9 of 9,Complete,Complete
POR,Powell River-Sunshine Coast,Adrian Poon,BC Mangoes,2979,23.15%,16 of 16,22/08/2024,03:52:20 PM,7 of 7,9 of 9,Complete,Complete
PRM,Prince George-Mackenzie,Ernie Powell,Bananas,4117,36.56%,13 of 13,22/08/2024,03:52:20 PM,4 of 4,9 of 9,Complete,Complete
PRM,Prince George-Mackenzie,Joey Shendryk,BC Mangoes,3573,31.73%,13 of 13,22/08/2024,03:52:20 PM,4 of 4,9 of 9,Complete,Complete
PRM,Prince George-Mackenzie,Darren Timms,BC Kiwi Party,3570,31.71%,13 of 13,22/08/2024,03:52:20 PM,4 of 4,9 of 9,Complete,Complete
PRO,Prince George-North Cariboo,Raymond Fromholt,BC Kiwi Party,3425,31.81%,13 of 13,22/08/2024,03:52:20 PM,6 of 6,7 of 7,Complete,Complete
PRO,Prince George-North Cariboo,Mike Hanley,BC Mangoes,3626,33.68%,13 of 13,22/08/2024,03:52:20 PM,6 of 6,7 of 7,Complete,Complete
PRO,Prince George-North Cariboo,Tracey Lyon,Bananas,3716,34.51%,13 of 13,22/08/2024,03:52:20 PM,6 of 6,7 of 7,Complete,Complete
PRV,Prince George-Valemount,Jonina Crosty,BC Kiwi Party,4575,16.90%,12 of 12,22/08/2024,03:52:20 PM,5 of 5,7 of 7,Complete,Complete
PRV,Prince George-Valemount,Jennifer Elliott,BC Mangoes,3998,14.77%,12 of 12,22/08/2024,03:52:20 PM,5 of 5,7 of 7,Complete,Complete
PRV,Prince George-Valemount,Bruce Paddon,Bananas,5015,18.53%,12 of 12,22/08/2024,03:52:20 PM,5 of 5,7 of 7,Complete,Complete
PRV,Prince George-Valemount,Dana Pan,BC Pineapple Party,4515,16.68%,12 of 12,22/08/2024,03:52:20 PM,5 of 5,7 of 7,Complete,Complete
PRV,Prince George-Valemount,Kyle Poelstra,,4296,15.87%,12 of 12,22/08/2024,03:52:20 PM,5 of 5,7 of 7,Complete,Complete
PRV,Prince George-Valemount,Justin Ralston,Cherries,4667,17.24%,12 of 12,22/08/2024,03:52:20 PM,5 of 5,7 of 7,Complete,Complete
RCB,Richmond-Bridgeport,Norm Dix,Cherries,2626,17.30%,14 of 14,22/08/2024,03:52:20 PM,4 of 4,10 of 10,Complete,Complete
RCB,Richmond-Bridgeport,George Froese,,2373,15.63%,14 of 14,22/08/2024,03:52:20 PM,4 of 4,10 of 10,Complete,Complete
RCB,Richmond-Bridgeport,Lawrence Gibbons,BC Kiwi Party,2740,18.05%,14 of 14,22/08/2024,03:52:20 PM,4 of 4,10 of 10,Complete,Complete
RCB,Richmond-Bridgeport,Donna Masse,Bananas,2211,14.57%,14 of 14,22/08/2024,03:52:20 PM,4 of 4,10 of 10,Complete,Complete
RCB,Richmond-Bridgeport,Niovi Mcgee,BC Pineapple Party,2698,17.77%,14 of 14,22/08/2024,03:52:20 PM,4 of 4,10 of 10,Complete,Complete
RCB,Richmond-Bridgeport,Ron Paddon,BC Mangoes,2532,16.68%,14 of 14,22/08/2024,03:52:20 PM,4 of 4,10 of 10,Complete,Complete
RCC,Richmond Centre,Art Cooper,BC Mangoes,3554,19.71%,12 of 12,22/08/2024,03:52:20 PM,5 of 5,7 of 7,Complete,Complete
RCC,Richmond Centre,Samson Gill,Cherries,3613,20.04%,12 of 12,22/08/2024,03:52:20 PM,5 of 5,7 of 7,Complete,Complete
RCC,Richmond Centre,Selina Mclean,BC Pineapple Party,3974,22.04%,12 of 12,22/08/2024,03:52:20 PM,5 of 5,7 of 7,Complete,Complete
RCC,Richmond Centre,Jasleen Nelson,Bananas,2944,16.33%,12 of 12,22/08/2024,03:52:20 PM,5 of 5,7 of 7,Complete,Complete
RCC,Richmond Centre,Rebecca Shumaker,BC Kiwi Party,3947,21.89%,12 of 12,22/08/2024,03:52:20 PM,5 of 5,7 of 7,Complete,Complete
RCQ,Richmond-Queensborough,Yvonne Moti,BC Mangoes,3369,25.07%,13 of 13,22/08/2024,03:52:20 PM,4 of 4,9 of 9,Complete,Complete
RCQ,Richmond-Queensborough,John Powell,BC Kiwi Party,3910,29.09%,13 of 13,22/08/2024,03:52:20 PM,4 of 4,9 of 9,Complete,Complete
RCQ,Richmond-Queensborough,Paul Purdey,Bananas,3451,25.68%,13 of 13,22/08/2024,03:52:20 PM,4 of 4,9 of 9,Complete,Complete
RCQ,Richmond-Queensborough,Michael Taylor,BC Pineapple Party,2711,20.17%,13 of 13,22/08/2024,03:52:20 PM,4 of 4,9 of 9,Complete,Complete
RCS,Richmond-Steveston,Anne Anton,BC Mangoes,4269,26.26%,13 of 13,22/08/2024,03:52:20 PM,5 of 5,8 of 8,Complete,Complete
RCS,Richmond-Steveston,Richard Kulik,BC Kiwi Party,3969,24.42%,13 of 13,22/08/2024,03:52:20 PM,5 of 5,8 of 8,Complete,Complete
RCS,Richmond-Steveston,Danielle Martin,BC Pineapple Party,4096,25.20%,13 of 13,22/08/2024,03:52:20 PM,5 of 5,8 of 8,Complete,Complete
RCS,Richmond-Steveston,Brian Sebastian,Bananas,3920,24.12%,13 of 13,22/08/2024,03:52:20 PM,5 of 5,8 of 8,Complete,Complete
SAN,Saanich North and the Islands,George Badura,BC Pineapple Party,2510,18.24%,13 of 13,22/08/2024,03:52:20 PM,6 of 6,7 of 7,Complete,Complete
SAN,Saanich North and the Islands,Ryan Bremner-Atkins,Bananas,3103,22.54%,13 of 13,22/08/2024,03:52:20 PM,6 of 6,7 of 7,Complete,Complete
SAN,Saanich North and the Islands,Kevin Conroy,BC Kiwi Party,2366,17.19%,13 of 13,22/08/2024,03:52:20 PM,6 of 6,7 of 7,Complete,Complete
SAN,Saanich North and the Islands,Stephanie Halford,BC Mangoes,3020,21.94%,13 of 13,22/08/2024,03:52:20 PM,6 of 6,7 of 7,Complete,Complete
SAN,Saanich North and the Islands,Barry Monds,Cherries,2765,20.09%,13 of 13,22/08/2024,03:52:20 PM,6 of 6,7 of 7,Complete,Complete
SAS,Saanich South,Tariq Iannidinardo,BC Kiwi Party,5195,35.44%,16 of 16,22/08/2024,03:52:20 PM,5 of 5,11 of 11,Complete,Complete
SAS,Saanich South,Tony Shim,BC Mangoes,4595,31.35%,16 of 16,22/08/2024,03:52:20 PM,5 of 5,11 of 11,Complete,Complete
SAS,Saanich South,Erik Silveira,Bananas,4868,33.21%,16 of 16,22/08/2024,03:52:20 PM,5 of 5,11 of 11,Complete,Complete
SHU,Salmon Arm-Shuswap,Megan Atwal,BC Pineapple Party,2841,16.90%,13 of 13,22/08/2024,03:52:20 PM,6 of 6,7 of 7,Complete,Complete
SHU,Salmon Arm-Shuswap,Bruce Fraser,BC Mangoes,2907,17.29%,13 of 13,22/08/2024,03:52:20 PM,6 of 6,7 of 7,Complete,Complete
SHU,Salmon Arm-Shuswap,Inder Longley,,2895,17.22%,13 of 13,22/08/2024,03:52:20 PM,6 of 6,7 of 7,Complete,Complete
SHU,Salmon Arm-Shuswap,Bruce Murrey,BC Kiwi Party,2848,16.94%,13 of 13,22/08/2024,03:52:20 PM,6 of 6,7 of 7,Complete,Complete
SHU,Salmon Arm-Shuswap,Dee Spurling,Bananas,3085,18.35%,13 of 13,22/08/2024,03:52:20 PM,6 of 6,7 of 7,Complete,Complete
SHU,Salmon Arm-Shuswap,Cathy Whiteside,Cherries,2233,13.28%,13 of 13,22/08/2024,03:52:20 PM,6 of 6,7 of 7,Complete,Complete
SKE,Skeena,Peter Bains,BC Kiwi Party,685,10.87%,13 of 13,22/08/2024,03:52:20 PM,5 of 5,8 of 8,Complete,Complete
SKE,Skeena,John Crowley,Cherries,1201,19.06%,13 of 13,22/08/2024,03:52:20 PM,5 of 5,8 of 8,Complete,Complete
SKE,Skeena,Dan Darcy,BC Mangoes,1625,25.79%,13 of 13,22/08/2024,03:52:20 PM,5 of 5,8 of 8,Complete,Complete
SKE,Skeena,Jeremy Hansen,BC Pineapple Party,2080,33.01%,13 of 13,22/08/2024,03:52:20 PM,5 of 5,8 of 8,Complete,Complete
SKE,Skeena,George Sollitt,Bananas,710,11.27%,13 of 13,22/08/2024,03:52:20 PM,5 of 5,8 of 8,Complete,Complete
SRC,Surrey City Centre,Karen Duncan,Bananas,12252,23.32%,13 of 13,22/08/2024,03:52:20 PM,4 of 4,9 of 9,Complete,Complete
SRC,Surrey City Centre,Tyson Eby,BC Kiwi Party,20704,39.40%,13 of 13,22/08/2024,03:52:20 PM,4 of 4,9 of 9,Complete,Complete
SRC,Surrey City Centre,Wayne Fell,BC Mangoes,11612,22.10%,13 of 13,22/08/2024,03:52:20 PM,4 of 4,9 of 9,Complete,Complete
SRC,Surrey City Centre,Bob Locke,BC Pineapple Party,7978,15.18%,13 of 13,22/08/2024,03:52:20 PM,4 of 4,9 of 9,Complete,Complete
SRD,Surrey-Cloverdale,Nathan Craven,Bananas,3936,32.09%,13 of 13,22/08/2024,03:52:20 PM,5 of 5,8 of 8,Complete,Complete
SRD,Surrey-Cloverdale,Dan Sayeed,BC Kiwi Party,3956,32.25%,13 of 13,22/08/2024,03:52:20 PM,5 of 5,8 of 8,Complete,Complete
SRD,Surrey-Cloverdale,Niki Templeman,BC Mangoes,4374,35.66%,13 of 13,22/08/2024,03:52:20 PM,5 of 5,8 of 8,Complete,Complete
SRF,Surrey-Fleetwood,Teresa Ross,BC Kiwi Party,2998,24.57%,13 of 13,22/08/2024,03:52:20 PM,5 of 5,8 of 8,Complete,Complete
SRF,Surrey-Fleetwood,Kay Rustad,BC Pineapple Party,2184,17.90%,13 of 13,22/08/2024,03:52:20 PM,5 of 5,8 of 8,Complete,Complete
SRF,Surrey-Fleetwood,Karen Torre,Bananas,1901,15.58%,13 of 13,22/08/2024,03:52:20 PM,5 of 5,8 of 8,Complete,Complete
SRF,Surrey-Fleetwood,Lorraine Truch,Cherries,2310,18.93%,13 of 13,22/08/2024,03:52:20 PM,5 of 5,8 of 8,Complete,Complete
SRF,Surrey-Fleetwood,John Virk,BC Mangoes,2809,23.02%,13 of 13,22/08/2024,03:52:20 PM,5 of 5,8 of 8,Complete,Complete
SRG,Surrey-Guildford,Scott Dean,Bananas,3281,26.65%,15 of 15,22/08/2024,03:52:20 PM,5 of 5,10 of 10,Complete,Complete
SRG,Surrey-Guildford,Peter Garfinkel,BC Mangoes,2946,23.93%,15 of 15,22/08/2024,03:52:20 PM,5 of 5,10 of 10,Complete,Complete
SRG,Surrey-Guildford,Stephen Sahlmark,BC Kiwi Party,2942,23.90%,15 of 15,22/08/2024,03:52:20 PM,5 of 5,10 of 10,Complete,Complete
SRG,Surrey-Guildford,Sylvia Van Der Velden,BC Pineapple Party,3141,25.52%,15 of 15,22/08/2024,03:52:20 PM,5 of 5,10 of 10,Complete,Complete
SRN,Surrey-Newton,Nicholas Baird,BC Pineapple Party,2622,20.03%,13 of 13,22/08/2024,03:52:20 PM,4 of 4,9 of 9,Complete,Complete
SRN,Surrey-Newton,Surinder Elliott,BC Mangoes,2350,17.95%,13 of 13,22/08/2024,03:52:20 PM,4 of 4,9 of 9,Complete,Complete
SRN,Surrey-Newton,Andrew Krog,BC Kiwi Party,2768,21.15%,13 of 13,22/08/2024,03:52:20 PM,4 of 4,9 of 9,Complete,Complete
SRN,Surrey-Newton,Carole Rogers, ,2530,19.33%,13 of 13,22/08/2024,03:52:20 PM,4 of 4,9 of 9,Complete,Complete
SRN,Surrey-Newton,Henry Westgate,Bananas,2820,21.54%,13 of 13,22/08/2024,03:52:20 PM,4 of 4,9 of 9,Complete,Complete
SUN,Surrey North,Evan Dahlby,BC Kiwi Party,6310,3.01%,13 of 13,22/08/2024,03:52:20 PM,4 of 4,9 of 9,Complete,Complete
SUN,Surrey North,Suzanne Grewal,Cherries,127806,60.90%,13 of 13,22/08/2024,03:52:20 PM,4 of 4,9 of 9,Complete,Complete
SUN,Surrey North,Jodi Marshall,Bananas,37496,17.87%,13 of 13,22/08/2024,03:52:20 PM,4 of 4,9 of 9,Complete,Complete
SUN,Surrey North,Kate Smith,BC Pineapple Party,35331,16.83%,13 of 13,22/08/2024,03:52:20 PM,4 of 4,9 of 9,Complete,Complete
SUN,Surrey North,Mary Taft,BC Mangoes,2928,1.40%,13 of 13,22/08/2024,03:52:20 PM,4 of 4,9 of 9,Complete,Complete
SUP,Surrey-Panorama,Neeraj Bax,BC Kiwi Party,386,3.92%,13 of 13,22/08/2024,03:52:20 PM,5 of 5,8 of 8,Complete,Complete
SUP,Surrey-Panorama,Kelly Holthuis,BC Mangoes,789,8.02%,13 of 13,22/08/2024,03:52:20 PM,5 of 5,8 of 8,Complete,Complete
SUP,Surrey-Panorama,Pam Nederpel,Cherries,1566,15.91%,13 of 13,22/08/2024,03:52:20 PM,5 of 5,8 of 8,Complete,Complete
SUP,Surrey-Panorama,Tim Prior,BC Pineapple Party,2404,24.43%,13 of 13,22/08/2024,03:52:20 PM,5 of 5,8 of 8,Complete,Complete
SUP,Surrey-Panorama,Laura Singh,,1825,18.55%,13 of 13,22/08/2024,03:52:20 PM,5 of 5,8 of 8,Complete,Complete
SUP,Surrey-Panorama,Ian Warawa,Bananas,2870,29.17%,13 of 13,22/08/2024,03:52:20 PM,5 of 5,8 of 8,Complete,Complete
SUR,Surrey-Serpentine River,Renee Connolly,BC Mangoes,2519,18.01%,13 of 13,22/08/2024,03:52:20 PM,5 of 5,8 of 8,Complete,Complete
SUR,Surrey-Serpentine River,Ryan D'Eith,BC Kiwi Party,2799,20.02%,13 of 13,22/08/2024,03:52:20 PM,5 of 5,8 of 8,Complete,Complete
SUR,Surrey-Serpentine River,Judy Robinson,Cherries,2407,17.21%,13 of 13,22/08/2024,03:52:20 PM,5 of 5,8 of 8,Complete,Complete
SUR,Surrey-Serpentine River,Graham Russel,BC Pineapple Party,2789,19.95%,13 of 13,22/08/2024,03:52:20 PM,5 of 5,8 of 8,Complete,Complete
SUR,Surrey-Serpentine River,Colleen Tiessen,Bananas,3469,24.81%,13 of 13,22/08/2024,03:52:20 PM,5 of 5,8 of 8,Complete,Complete
SUS,Surrey South,Rick Bernier,BC Pineapple Party,2154,17.32%,15 of 15,22/08/2024,03:52:20 PM,6 of 6,9 of 9,Complete,Complete
SUS,Surrey South,Jinny Chan,BC Mangoes,2277,18.30%,15 of 15,22/08/2024,03:52:20 PM,6 of 6,9 of 9,Complete,Complete
SUS,Surrey South,Preet De Jong,Bananas,2441,19.62%,15 of 15,22/08/2024,03:52:20 PM,6 of 6,9 of 9,Complete,Complete
SUS,Surrey South,Michelle Kahlon,Cherries,3983,32.02%,15 of 15,22/08/2024,03:52:20 PM,6 of 6,9 of 9,Complete,Complete
SUS,Surrey South,Anna Rice,BC Kiwi Party,1585,12.74%,15 of 15,22/08/2024,03:52:20 PM,6 of 6,9 of 9,Complete,Complete
SWR,Surrey-White Rock,Josie Good,Bananas,2307,11.93%,14 of 14,22/08/2024,03:52:20 PM,5 of 5,9 of 9,Complete,Complete
SWR,Surrey-White Rock,Ellis Horgan,BC Kiwi Party,2852,14.75%,14 of 14,22/08/2024,03:52:20 PM,5 of 5,9 of 9,Complete,Complete
SWR,Surrey-White Rock,Gregory Parekh,Cherries,3012,15.57%,14 of 14,22/08/2024,03:52:20 PM,5 of 5,9 of 9,Complete,Complete
SWR,Surrey-White Rock,Harrison Ralston,,2496,12.90%,14 of 14,22/08/2024,03:52:20 PM,5 of 5,9 of 9,Complete,Complete
SWR,Surrey-White Rock,Rob Redies,BC Mangoes,2746,14.20%,14 of 14,22/08/2024,03:52:20 PM,5 of 5,9 of 9,Complete,Complete
SWR,Surrey-White Rock,Elizabeth Thornthwaite,BC Pineapple Party,2937,15.18%,14 of 14,22/08/2024,03:52:20 PM,5 of 5,9 of 9,Complete,Complete
SWR,Surrey-White Rock,Norm Velay-Vitow,Independent,2992,15.47%,14 of 14,22/08/2024,03:52:20 PM,5 of 5,9 of 9,Complete,Complete
VFV,Vancouver-Fraserview,Joan Bryant,Cherries,3116,19.91%,15 of 15,22/08/2024,03:52:20 PM,6 of 6,9 of 9,Complete,Complete
VFV,Vancouver-Fraserview,Gary Jolicoeur,BC Kiwi Party,3056,19.53%,15 of 15,22/08/2024,03:52:20 PM,6 of 6,9 of 9,Complete,Complete
VFV,Vancouver-Fraserview,Doug Reichert,Bananas,2962,18.93%,15 of 15,22/08/2024,03:52:20 PM,6 of 6,9 of 9,Complete,Complete
VFV,Vancouver-Fraserview,Roxanne Shaw,BC Pineapple Party,3171,20.26%,15 of 15,22/08/2024,03:52:20 PM,6 of 6,9 of 9,Complete,Complete
VFV,Vancouver-Fraserview,Bob Sy,BC Mangoes,3343,21.36%,15 of 15,22/08/2024,03:52:20 PM,6 of 6,9 of 9,Complete,Complete
VHA,Vancouver-Hastings,John Ashton,Bananas,2652,11.08%,14 of 14,22/08/2024,03:52:20 PM,5 of 5,9 of 9,Complete,Complete
VHA,Vancouver-Hastings,Aleksandra Holzbauer,,2608,10.90%,14 of 14,22/08/2024,03:52:20 PM,5 of 5,9 of 9,Complete,Complete
VHA,Vancouver-Hastings,Mike Lavers, ,3721,15.55%,14 of 14,22/08/2024,03:52:20 PM,5 of 5,9 of 9,Complete,Complete
VHA,Vancouver-Hastings,Dan Mor,BC Kiwi Party,2992,12.50%,14 of 14,22/08/2024,03:52:20 PM,5 of 5,9 of 9,Complete,Complete
VHA,Vancouver-Hastings,Nicole O'Leary,BC Pineapple Party,2781,11.62%,14 of 14,22/08/2024,03:52:20 PM,5 of 5,9 of 9,Complete,Complete
VHA,Vancouver-Hastings,Mike Rear,Cherries,2779,11.61%,14 of 14,22/08/2024,03:52:20 PM,5 of 5,9 of 9,Complete,Complete
VHA,Vancouver-Hastings,Brandon Reeve,Independent,3328,13.91%,14 of 14,22/08/2024,03:52:20 PM,5 of 5,9 of 9,Complete,Complete
VHA,Vancouver-Hastings,Petra Russell,BC Mangoes,3066,12.81%,14 of 14,22/08/2024,03:52:20 PM,5 of 5,9 of 9,Complete,Complete
VKE,Vancouver-Kensington,Justin Chouhan,BC Kiwi Party,4010,25.00%,13 of 13,22/08/2024,03:52:20 PM,5 of 5,8 of 8,Complete,Complete
VKE,Vancouver-Kensington,Charles Isaacs,BC Pineapple Party,4114,25.65%,13 of 13,22/08/2024,03:52:20 PM,5 of 5,8 of 8,Complete,Complete
VKE,Vancouver-Kensington,Jacquie Ogden,BC Mangoes,4346,27.10%,13 of 13,22/08/2024,03:52:20 PM,5 of 5,8 of 8,Complete,Complete
VKE,Vancouver-Kensington,Brendan Soutar,Bananas,3568,22.25%,13 of 13,22/08/2024,03:52:20 PM,5 of 5,8 of 8,Complete,Complete
VLA,Vancouver-Langara,Alex Conroy,BC Mangoes,3217,28.80%,13 of 13,22/08/2024,03:52:20 PM,5 of 5,8 of 8,Complete,Complete
VLA,Vancouver-Langara,Peter Foster,BC Pineapple Party,2165,19.38%,13 of 13,22/08/2024,03:52:20 PM,5 of 5,8 of 8,Complete,Complete
VLA,Vancouver-Langara,Michelle Glumac,Bananas,2889,25.86%,13 of 13,22/08/2024,03:52:20 PM,5 of 5,8 of 8,Complete,Complete
VLA,Vancouver-Langara,Mike Spitz,BC Kiwi Party,2901,25.97%,13 of 13,22/08/2024,03:52:20 PM,5 of 5,8 of 8,Complete,Complete
VLM,Vancouver-Little Mountain,Ian Banman,BC Mangoes,2102,20.30%,13 of 13,22/08/2024,03:52:20 PM,5 of 5,8 of 8,Complete,Complete
VLM,Vancouver-Little Mountain,Lana Bill,Bananas,2510,24.23%,13 of 13,22/08/2024,03:52:20 PM,5 of 5,8 of 8,Complete,Complete
VLM,Vancouver-Little Mountain,Shaukat Lepage,BC Pineapple Party,2191,21.15%,13 of 13,22/08/2024,03:52:20 PM,5 of 5,8 of 8,Complete,Complete
VLM,Vancouver-Little Mountain,Martin Lockhart,BC Kiwi Party,3554,34.31%,13 of 13,22/08/2024,03:52:20 PM,5 of 5,8 of 8,Complete,Complete
VNP,Vancouver-Point Grey,Naomi Chow,Bananas,2596,23.55%,13 of 13,22/08/2024,03:52:20 PM,5 of 5,8 of 8,Complete,Complete
VNP,Vancouver-Point Grey,Gerry Hughes,BC Mangoes,2989,27.12%,13 of 13,22/08/2024,03:52:20 PM,5 of 5,8 of 8,Complete,Complete
VNP,Vancouver-Point Grey,Mitzi Morris,BC Pineapple Party,2991,27.14%,13 of 13,22/08/2024,03:52:20 PM,5 of 5,8 of 8,Complete,Complete
VNP,Vancouver-Point Grey,Joan Polak,BC Kiwi Party,2446,22.19%,13 of 13,22/08/2024,03:52:20 PM,5 of 5,8 of 8,Complete,Complete
VNQ,Vancouver-Quilchena,Beat Elmore,Bananas,3307,20.20%,14 of 14,22/08/2024,03:52:20 PM,5 of 5,9 of 9,Complete,Complete
VNQ,Vancouver-Quilchena,Naomi Fraser,BC Mangoes,4124,25.19%,14 of 14,22/08/2024,03:52:20 PM,5 of 5,9 of 9,Complete,Complete
VNQ,Vancouver-Quilchena,Mike Lee,Cherries,2401,14.66%,14 of 14,22/08/2024,03:52:20 PM,5 of 5,9 of 9,Complete,Complete
VNQ,Vancouver-Quilchena,Andy Leonard,BC Kiwi Party,3568,21.79%,14 of 14,22/08/2024,03:52:20 PM,5 of 5,9 of 9,Complete,Complete
VNQ,Vancouver-Quilchena,Keith Taylor,BC Pineapple Party,2973,18.16%,14 of 14,22/08/2024,03:52:20 PM,5 of 5,9 of 9,Complete,Complete
VNR,Vancouver-Renfrew,P. Benninger,BC Pineapple Party,2437,18.41%,13 of 13,22/08/2024,03:52:20 PM,5 of 5,8 of 8,Complete,Complete
VNR,Vancouver-Renfrew,Marvin Chen,Bananas,2532,19.13%,13 of 13,22/08/2024,03:52:20 PM,5 of 5,8 of 8,Complete,Complete
VNR,Vancouver-Renfrew,Jeff Coleman,Cherries,3263,24.65%,13 of 13,22/08/2024,03:52:20 PM,5 of 5,8 of 8,Complete,Complete
VNR,Vancouver-Renfrew,Doug Macintyre,BC Mangoes,2739,20.69%,13 of 13,22/08/2024,03:52:20 PM,5 of 5,8 of 8,Complete,Complete
VNR,Vancouver-Renfrew,Josue Macleod,BC Kiwi Party,2266,17.12%,13 of 13,22/08/2024,03:52:20 PM,5 of 5,8 of 8,Complete,Complete
VNS,Vancouver-South Granville,Rob Barnett,BC Kiwi Party,3865,21.57%,13 of 13,22/08/2024,03:52:20 PM,5 of 5,8 of 8,Complete,Complete
VNS,Vancouver-South Granville,Annemieke Clarke,Bananas,4767,26.60%,13 of 13,22/08/2024,03:52:20 PM,5 of 5,8 of 8,Complete,Complete
VNS,Vancouver-South Granville,Glenn Mckinnon,BC Pineapple Party,4736,26.43%,13 of 13,22/08/2024,03:52:20 PM,5 of 5,8 of 8,Complete,Complete
VNS,Vancouver-South Granville,Michael Troy,BC Mangoes,4552,25.40%,13 of 13,22/08/2024,03:52:20 PM,5 of 5,8 of 8,Complete,Complete
VNT,Vancouver-Strathcona,Matt Calder,BC Pineapple Party,4945,26.97%,12 of 12,22/08/2024,03:52:20 PM,5 of 5,7 of 7,Complete,Complete
VNT,Vancouver-Strathcona,Mable Reid,BC Kiwi Party,4292,23.41%,12 of 12,22/08/2024,03:52:20 PM,5 of 5,7 of 7,Complete,Complete
VNT,Vancouver-Strathcona,Brette Syed,Bananas,4879,26.61%,12 of 12,22/08/2024,03:52:20 PM,5 of 5,7 of 7,Complete,Complete
VNT,Vancouver-Strathcona,Dorothy Vetro,BC Mangoes,4220,23.01%,12 of 12,22/08/2024,03:52:20 PM,5 of 5,7 of 7,Complete,Complete
VNW,Vancouver-West End,Karen Knight,BC Mangoes,2793,34.91%,13 of 13,22/08/2024,03:52:20 PM,5 of 5,8 of 8,Complete,Complete
VNW,Vancouver-West End,Kelly Rodgers,BC Kiwi Party,1961,24.51%,13 of 13,22/08/2024,03:52:20 PM,5 of 5,8 of 8,Complete,Complete
VNW,Vancouver-West End,Glynnis Routley,Bananas,3247,40.58%,13 of 13,22/08/2024,03:52:20 PM,5 of 5,8 of 8,Complete,Complete
VNY,Vancouver-Yaletown,Lorraine Buckley,BC Mangoes,3386,34.68%,13 of 13,22/08/2024,03:52:20 PM,5 of 5,8 of 8,Complete,Complete
VNY,Vancouver-Yaletown,John Coulter,BC Kiwi Party,2623,26.87%,13 of 13,22/08/2024,03:52:20 PM,5 of 5,8 of 8,Complete,Complete
VNY,Vancouver-Yaletown,Jet Stilwell,Bananas,3754,38.45%,13 of 13,22/08/2024,03:52:20 PM,5 of 5,8 of 8,Complete,Complete
VRL,Vernon-Lumby,Kevin Housser,Bananas,3347,28.63%,14 of 14,22/08/2024,03:52:20 PM,5 of 5,9 of 9,Complete,Complete
VRL,Vernon-Lumby,Jason Marshall,BC Mangoes,4432,37.91%,14 of 14,22/08/2024,03:52:20 PM,5 of 5,9 of 9,Complete,Complete
VRL,Vernon-Lumby,Liz Palomino,BC Kiwi Party,3911,33.46%,14 of 14,22/08/2024,03:52:20 PM,5 of 5,9 of 9,Complete,Complete
VTB,Victoria-Beacon Hill,Chelsa Beare,Bananas,6252,36.92%,15 of 15,22/08/2024,03:52:20 PM,5 of 5,10 of 10,Complete,Complete
VTB,Victoria-Beacon Hill,Nicholas Raunet,BC Kiwi Party,5004,29.55%,15 of 15,22/08/2024,03:52:20 PM,5 of 5,10 of 10,Complete,Complete
VTB,Victoria-Beacon Hill,Anton Shrestha,BC Mangoes,5679,33.53%,15 of 15,22/08/2024,03:52:20 PM,5 of 5,10 of 10,Complete,Complete
VTS,Victoria-Swan Lake,Scott Ellacott,BC Mangoes,3899,29.28%,14 of 14,22/08/2024,03:52:20 PM,5 of 5,9 of 9,Complete,Complete
VTS,Victoria-Swan Lake,Marvin Goldman,BC Kiwi Party,4234,31.79%,14 of 14,22/08/2024,03:52:20 PM,5 of 5,9 of 9,Complete,Complete
VTS,Victoria-Swan Lake,Sam Ibbotson,Bananas,5184,38.93%,14 of 14,22/08/2024,03:52:20 PM,5 of 5,9 of 9,Complete,Complete
WKP,West Kelowna-Peachland,Chak Krieger,BC Kiwi Party,4550,39.43%,16 of 16,22/08/2024,03:52:20 PM,5 of 5,11 of 11,Complete,Complete
WKP,West Kelowna-Peachland,Don Parent,Bananas,2454,21.27%,16 of 16,22/08/2024,03:52:20 PM,5 of 5,11 of 11,Complete,Complete
WKP,West Kelowna-Peachland,Adam Repen,BC Mangoes,4534,39.30%,16 of 16,22/08/2024,03:52:20 PM,5 of 5,11 of 11,Complete,Complete
WVC,West Vancouver-Capilano,Marcella Kranz,BC Kiwi Party,3222,31.79%,14 of 14,22/08/2024,03:52:20 PM,5 of 5,9 of 9,Complete,Complete
WVC,West Vancouver-Capilano,Nicola O'Connor,Bananas,3410,33.64%,14 of 14,22/08/2024,03:52:20 PM,5 of 5,9 of 9,Complete,Complete
WVC,West Vancouver-Capilano,Rod Trevena,BC Mangoes,3504,34.57%,14 of 14,22/08/2024,03:52:20 PM,5 of 5,9 of 9,Complete,Complete
WVS,West Vancouver-Sea to Sky,James Bond,BC Kiwi Party,2846,57.22%,18 of 18,22/08/2024,03:52:20 PM,6 of 6,12 of 12,Complete,Complete
WVS,West Vancouver-Sea to Sky,Terry Heyman,Bananas,2128,42.78%,18 of 18,22/08/2024,03:52:20 PM,6 of 6,12 of 12,Complete,Complete
